{
  "baseline": {
    "mean_utility": 2128.9834798272286,
    "std_utility": 36.8360384081306,
    "utilities": [
      2179.81325968215,
      2164.2234061994304,
      2115.8678894143886,
      2100.436727027992,
      2084.5761168121803
    ]
  },
  "ensemble": {
    "mean_utility": 2126.736935277993,
    "std_utility": 49.01168561830136,
    "utilities": [
      2175.809180775917,
      2165.2545907762546,
      2102.976131818505,
      2147.3456144437205,
      2042.2991585755688
    ]
  },
  "improvement": {
    "absolute": -2.2465445492357503,
    "percentage": -0.10552193431853506
  },
  "transaction_costs": {
    "baseline": {
      "gross_utility": 22756.182473918027,
      "transaction_costs": 310889.49969659146,
      "net_utility": -288133.31722267345,
      "num_trades": 